videoname,concept,pagerank,understand
Building a Recommendation System in Python,Recommender system,0.01135012688689603,0
Building a Recommendation System in Python,Collaborative filtering,0.008677065292022501,1
Building a Recommendation System in Python,Algorithm,0.007844176867712912,0
Building a Recommendation System in Python,Matrix (mathematics),0.007594227408368256,0
Building a Recommendation System in Python,K-means clustering,0.006933106985910339,0
Building a Recommendation System in Python,Loss function,0.009918880735097203,0
Building a Recommendation System in Python,Algorithm,0.009845971992327394,0
Building a Recommendation System in Python,Tensor,0.00954293292210567,0
Building a Recommendation System in Python,Pulp magazine,0.008682279090094109,0
Building a Recommendation System in Python,Batman (military),0.008309781424329319,0
